{"_timestamp":1.7655767343046832e+09,"_wandb":{"runtime":470},"_runtime":470,"_step":6,"total_reward":-242.99999456852674,"epsilon":0.3515999212610278,"k_neighbors":1,"episode":6}