{"_wandb":{"runtime":214},"_runtime":214,"episode":38,"_timestamp":1.765572919374993e+09,"_step":38,"total_reward":-121.49999728426337,"epsilon":0.01,"k_neighbors":1}