{"epsilon":0.01,"_wandb":{"runtime":1233},"_runtime":1233,"k_neighbors":1,"episode":119,"_timestamp":1.7655718653820186e+09,"_step":119,"total_reward":-242.99999456852674}