{"_runtime":966,"_wandb":{"runtime":966},"_step":9160,"loss":9.515911187918391e-07,"episode":30,"_timestamp":1.7655387180932698e+09,"total_reward":-242.99999456852674,"epsilon":0.9821610146798473}