{"_timestamp":1.7655416559131267e+09,"epsilon":0.01,"total_reward":-242.99999456852674,"_wandb":{"runtime":468},"_runtime":468,"_step":2013,"loss":1.2919696246171952e-06,"episode":7}