{"epsilon":0.8606756897186528,"episode":0,"_timestamp":1.765567788320539e+09,"_step":0,"_wandb":{"runtime":10},"_runtime":10,"total_reward":-242.99999456852674}