{"_timestamp":1.765568260116026e+09,"_step":57,"total_reward":-242.99999456852674,"epsilon":0.01,"_wandb":{"runtime":441},"_runtime":441,"episode":57}