{"epsilon":0.01,"_wandb":{"runtime":7455},"_runtime":7455,"_timestamp":1.7655491241662924e+09,"_step":34164,"loss":1.6372559912269935e-05,"episode":114,"total_reward":-242.99999456852674}