{"epsilon":0.01,"k_neighbors":1,"episode":36,"_timestamp":1.765573706302366e+09,"_step":36,"total_reward":-242.99999456852674,"_runtime":199,"_wandb":{"runtime":199}}