{"_runtime":863,"_step":9439,"loss":0.004151127766817808,"episode":31,"_timestamp":1.7655370661735198e+09,"total_reward":-242.99999456852674,"epsilon":0.01,"_wandb":{"runtime":863}}