{"epsilon":0.406478161360422,"k_neighbors":1,"_wandb":{"runtime":31},"_runtime":31,"episode":5,"_timestamp":1.765573149097153e+09,"_step":5,"total_reward":-242.99999456852674}