{"k_neighbors":1,"episode":10,"_timestamp":1.7655731043817744e+09,"_step":10,"total_reward":-242.99999456852674,"epsilon":0.1919706779646106,"_wandb":{"runtime":62},"_runtime":62}