{"_runtime":237,"_timestamp":1.765570441344624e+09,"_step":27,"total_reward":-242.99999456852674,"epsilon":0.014979834483332444,"k_neighbors":1,"episode":27,"_wandb":{"runtime":237}}