{"epsilon":0.027299133967075482,"k_neighbors":1,"episode":23,"_timestamp":1.765575999257881e+09,"_step":23,"_wandb":{"runtime":1775},"_runtime":1775,"total_reward":-242.99999456852674}