{"_timestamp":1.7655377136430988e+09,"_step":6012,"total_reward":-242.99999456852674,"epsilon":0.04974972962361759,"_wandb":{"runtime":633},"_runtime":633,"loss":9.535590947962191e-07,"episode":20}