{"episode":11,"shaped_reward":30.587659733369946,"_runtime":251,"_wandb":{"runtime":251},"_timestamp":1.7657593065697725e+09,"epsilon":1,"k_neighbors":4,"_step":241,"loss":0.00148146809078753,"total_reward":-543.5000193668529,"q_mean":0.12589076161384583}