{"episode":3,"_timestamp":1.7655742459095132e+09,"_step":3,"_wandb":{"runtime":270},"_runtime":270,"total_reward":-242.99999456852674,"epsilon":0.548729293075715,"k_neighbors":1}