{"_runtime":2281,"episode":35,"_timestamp":1.7655411631926153e+09,"_step":10349,"loss":1.0949695479212096e-06,"total_reward":-242.99999456852674,"epsilon":0.34991937663680617,"_wandb":{"runtime":2281}}