{"_timestamp":1.765572691686011e+09,"_step":38,"total_reward":-242.99999456852674,"_wandb":{"runtime":197},"_runtime":197,"epsilon":0.01,"k_neighbors":1,"episode":38}