{"_step":23,"total_reward":-242.99999456852674,"epsilon":0.01,"episode":23,"_timestamp":1.7655677342243476e+09,"_wandb":{"runtime":183},"_runtime":183}